"real_504","177457","0.55"
"real_2363","235582","0.5357142857142857"
"real_2983","3281","0.9999999999999999"
"real_4258","242075","0.7"
"real_2715","192165","0.6"
"real_2541","240753","0.5333333333333333"
"real_2540","240754","0.6249999999999999"
"real_2195","213135","0.6666666666666666"
"real_2800","194665","0.65"
"real_2490","225793","0.7"
"real_2455","223334","0.6"
"real_2778","229558","0.7999999999999999"
"real_1420","225293","0.7333333333333333"
"real_515","177458","0.55"
"real_459","229668","0.7"
"real_3620","184134","0.6"
"real_2746","223641","0.5363636363636364"
"real_2359","225663","0.5071428571428571"
"real_581","168530","0.85"
"real_746","239872","0.85"
"real_126","158657","0.5772727272727272"
"real_4155","162328","0.7599999999999999"
"real_615","164256","0.6"
"real_4230","188155","0.7599999999999999"
"real_3544","236316","0.8285714285714285"
"real_2715","207734","0.85"
"real_3553","768","0.9999999999999999"
"real_145","244257","0.7"
"real_1561","219814","0.7999999999999999"
"real_308","242000","0.6842105263157895"
"real_1440","210450","0.5384615384615384"
"real_1849","224243","0.75"
"real_194","184001","0.7333333333333333"
"real_1196","178085","0.5499999999999999"
"real_1880","244509","0.8124999999999999"
"real_1418","210438","0.7599999999999999"
"real_3732","236998","0.5307692307692308"
"real_2198","138412","0.7333333333333333"
"real_3991","222493","0.6192307692307693"
"real_2189","233824","0.5"
"real_3492","155694","0.5022727272727272"
"real_3215","233943","0.9999999999999999"
"real_3615","219581","0.6666666666666666"
"real_151","225859","0.6769230769230768"
"real_884","189681","0.6"
"real_4399","206440","0.6"
"real_1977","243630","0.5181818181818182"
"real_3283","203393","0.7"
"real_4038","224411","0.75"
"real_936","205951","0.6"
"real_1857","245056","0.775"
"real_4177","172258","0.5666666666666667"
"real_3235","217610","0.88"
"real_4164","240415","0.5666666666666667"
"real_4057","195363","0.64"
"real_1955","206058","0.75"
"real_3332","234171","0.6"
"real_234","239380","0.6599999999999999"
"real_3635","219576","0.7428571428571428"
"real_3403","210950","0.7599999999999999"
"real_738","195096","0.5499999999999999"
"real_2733","212755","0.5772727272727272"
"real_849","225200","0.9999999999999999"
"real_2237","200353","0.7818181818181817"
"real_3321","208335","0.5"
"real_1009","219736","0.5599999999999999"
"real_4223","194138","0.6571428571428571"
"real_230","148803","0.7692307692307693"
"real_3073","198705","0.7428571428571428"
"real_2330","217235","0.5692307692307692"
"real_3564","188876","0.7153846153846153"
"real_2877","201535","0.5727272727272728"
"real_957","229280","0.6333333333333333"
"real_1052","238196","0.5249999999999999"
"real_3632","246309","0.6599999999999999"
"real_2077","192387","0.82"
"real_4298","155946","0.6692307692307692"
"real_1727","215639","0.6"
"real_2796","226166","0.7599999999999999"
"real_2794","240976","0.7230769230769231"
"real_1684","226468","0.6272727272727272"
"real_3686","210743","0.6"
"real_2557","236786","0.5272727272727272"
"real_2756","180739","0.6113636363636363"
"real_1669","196801","0.7"
"real_1870","239957","0.6799999999999999"
"real_2375","215792","0.85"
"real_4265","226168","0.5823529411764705"
"real_4205","238015","0.6181818181818182"
"real_4257","226168","0.52"
"real_1310","183220","0.5636363636363636"
"real_365","236920","0.5"
"real_3367","245994","0.775"
"real_3999","207562","0.5499999999999999"
"real_3620","244389","0.6"
"real_4185","199867","0.6"
"real_414","202024","0.7"
"real_1866","239958","0.7818181818181817"
"real_1051","187735","0.7"
"real_4213","238014","0.6599999999999999"
"real_1312","244490","0.775"
"real_1375","204397","0.775"
"real_4211","238014","0.7999999999999999"
"real_2522","158625","0.8999999999999999"
"real_4226","180706","0.6818181818181818"
"real_1855","202459","0.6666666666666666"
"real_815","182761","0.82"
"real_400","215333","0.7333333333333333"
"real_2117","208141","0.6"
"real_1725","215616","0.7"
"real_3394","164029","0.9999999999999999"
"real_1564","233725","0.7"
"real_703","233934","0.7818181818181817"
"real_148","245253","0.8105263157894737"
"real_1775","204346","0.9999999999999999"
"real_503","200610","0.535"
"real_616","178571","0.5772727272727272"
"real_3327","244068","0.78"
"real_1362","204396","0.64"
"real_3230","244418","0.7333333333333333"
"real_3703","192647","0.6499999999999999"
"real_1313","190664","0.75"
"real_2099","223848","0.7666666666666667"
"real_4151","243806","0.7230769230769231"
"real_132","245252","0.5714285714285714"
"real_3570","176553","0.6692307692307693"
"real_185","202651","0.75"
"real_2897","245520","0.9999999999999999"
"real_1218","192991","0.6428571428571428"
"real_2025","181481","0.6599999999999999"
"real_2249","215698","0.7999999999999999"
"real_4299","245894","0.5"
"real_4178","217565","0.6"
"real_1653","243718","0.6571428571428571"
"real_3832","226278","0.85"
"real_3623","112316","0.7272727272727272"
"real_708","196978","0.7"
"real_820","189682","0.7"
"real_3667","225116","0.5928571428571427"
"real_3527","195859","0.6571428571428571"
"real_1322","216282","0.7599999999999999"
"real_2267","180281","0.6"
"real_480","200110","0.6"
"real_1606","235805","0.55"
"real_3314","211879","0.7599999999999999"
"real_121","234385","0.6192307692307693"
"real_3543","202282","0.6692307692307693"
"real_156","240709","0.6571428571428571"
"real_3713","207754","0.5071428571428571"
"real_4306","234198","0.8363636363636363"
"real_233","211256","0.6857142857142857"
"real_3780","241103","0.5903846153846154"
"real_3293","51123","0.6727272727272727"
"real_3048","162221","0.6333333333333333"
"real_972","244661","0.7999999999999999"
"real_1925","216409","0.75"
"real_2837","171897","0.75"
"real_3838","239580","0.9999999999999999"
"real_584","230872","0.625"
"real_3894","242187","0.5333333333333333"
"real_2723","211368","0.6"
"real_1635","243719","0.825"
"real_235","236401","0.7"
"real_1862","239523","0.6625"
"real_4104","238830","0.7"
"real_1308","203315","0.7"
"real_2395","228616","0.5499999999999999"
"real_1315","238068","0.7599999999999999"
"real_2292","209297","0.7"
"real_1434","190276","0.6181818181818182"
"real_3887","212401","0.5272727272727272"
"real_1399","233152","0.5142857142857142"
"real_1092","219740","0.7"
"real_450","207465","0.6"
"real_180","24630","0.85"
"real_3064","162220","0.6"
"real_3530","220570","0.7666666666666666"
"real_805","194644","0.5272727272727272"
"real_2750","208787","0.5442307692307693"
"real_3297","225584","0.6230769230769231"
"real_4188","222533","0.7"
"real_1178","181098","0.5"
"real_3206","226592","0.775"
"real_2662","188949","0.8363636363636363"
"real_1610","234827","0.5"
"real_4385","148635","0.6428571428571428"
"real_4125","213646","0.7"
"real_2618","203774","0.6"
"real_1049","170084","0.7"
"real_2713","238862","0.85"
"real_3892","216354","0.5769230769230769"
"real_2513","204193","0.7"
"real_1726","154472","0.85"
"real_2379","202054","0.6"
"real_3478","199674","0.7749999999999999"
"real_3039","194718","0.557142857142857"
"real_236","241854","0.7"
"real_3997","194333","0.6499999999999999"
"real_473","198658","0.5307692307692308"
"real_2906","204523","0.7599999999999999"
"real_475","198657","0.6818181818181818"
"real_3338","211848","0.7666666666666666"
"real_1333","230658","0.9999999999999999"
"real_875","205850","0.57"
"real_1183","210583","0.52"
"real_2361","228579","0.5499999999999999"
"real_1591","200260","0.65"
"real_370","238067","0.61"
"real_1961","179846","0.7999999999999999"
"real_2708","238860","0.85"
"real_3344","241135","0.6272727272727272"
"real_2530","234333","0.6"
"real_3927","214979","0.5928571428571427"
"real_2854","223357","0.6"
"real_3707","244480","0.6699999999999999"
"real_1467","212462","0.9999999999999999"
"real_2241","232580","0.6571428571428571"
"real_628","199304","0.6"
"real_1384","208781","0.7272727272727272"
"real_4318","213334","0.7999999999999999"
"real_3979","209957","0.5071428571428571"
"real_4089","206545","0.85"
"real_3627","244316","0.8153846153846153"
"real_3640","238359","0.9999999999999999"
"real_1895","227647","0.7157894736842104"
"real_2095","206098","0.9999999999999999"
"real_224","208670","0.7333333333333333"
"real_488","240679","0.8615384615384615"
"real_2860","200145","0.9999999999999999"
"real_705","172768","0.7"
"real_3049","226877","0.8999999999999999"
"real_1235","231943","0.8999999999999999"
"real_2716","238856","0.6499999999999999"
"real_3812","232296","0.5928571428571427"
"real_2949","224368","0.5272727272727272"
"real_2874","220834","0.8999999999999999"
"real_1187","206553","0.5599999999999999"
"real_3850","168435","0.5307692307692308"
"real_2463","237161","0.6863636363636363"
"real_603","243270","0.6"
"real_2419","217844","0.6"
"real_1497","198200","0.72"
"real_3043","190494","0.5666666666666667"
"real_828","169792","0.58"
"real_867","210381","0.5499999999999999"
"real_2310","164029","0.6"
"real_350","140293","0.5772727272727272"
"real_988","207410","0.5384615384615384"
"real_1834","245426","0.75"
"real_2585","233870","0.6"
"real_1016","237209","0.6"
"real_1597","215502","0.5499999999999999"
"real_1393","234195","0.7692307692307693"
"real_457","193747","0.7"
"real_2038","242181","0.6"
"real_4276","205878","0.5499999999999999"
"real_4347","238616","0.6"
"real_166","228881","0.6"
"real_2743","220763","0.525"
"real_819","200408","0.8285714285714285"
"real_2564","140082","0.6"
"real_1026","246185","0.62"
"real_4389","246157","0.6"
"real_3393","199986","0.7272727272727272"
"real_1573","186456","0.7999999999999999"
"real_2022","229659","0.6333333333333333"
"real_2809","235522","0.6"
"real_3923","226436","0.61"
"real_305","203747","0.6470588235294117"
"real_700","190520","0.5363636363636364"
"real_4126","231545","0.7"
"real_4262","240123","0.72"
"real_2267","135507","0.7999999999999999"
"real_1551","202547","0.5210526315789473"
"real_112","223033","0.7"
"real_2027","228699","0.7599999999999999"
"real_228","234925","0.5285714285714286"
"real_1923","216352","0.6571428571428571"
"real_3322","190666","0.6666666666666666"
"real_924","194229","0.7749999999999999"
"real_3323","190667","0.8153846153846153"
"real_2521","199304","0.6"
"real_4384","181436","0.5666666666666667"
"real_4279","189615","0.7"
"real_1842","186614","0.75"
"real_4086","224069","0.5863636363636363"
"real_222","199434","0.6"
"real_3056","208104","0.6"
"real_4219","245015","0.55"
"real_4213","245014","0.6599999999999999"
"real_2717","184139","0.85"
"real_3988","193420","0.6625"
"real_4211","245014","0.7"
"real_1482","120533","0.7"
"real_137","189410","0.7"
"real_982","205498","0.8999999999999999"
"real_287","211706","0.6"
"real_995","199189","0.7"
"real_1414","176772","0.6571428571428571"
"real_2915","170941","0.8999999999999999"
"real_2724","242516","0.5928571428571427"
"real_2484","233767","0.523076923076923"
"real_3411","199158","0.8153846153846153"
"real_3239","201315","0.6"
"real_4043","243780","0.525"
"real_2243","225085","0.6181818181818182"
"real_3723","179789","0.6333333333333333"
"real_3936","225439","0.6357142857142857"
"real_1422","239025","0.6181818181818182"
"real_4162","198033","0.6"
"real_4256","236583","0.72"
"real_661","188802","0.5692307692307692"
"real_3380","209781","0.6769230769230768"
"real_1766","176619","0.6666666666666666"
"real_1946","212404","0.6666666666666667"
"real_2175","216475","0.5499999999999999"
"real_4251","25420","0.5"
"real_1022","178415","0.6749999999999999"
"real_3853","233794","0.6666666666666666"
"real_2215","150995","0.6"
"real_2418","205963","0.61"
"real_722","193011","0.5571428571428572"
"real_2253","225945","0.9999999999999999"
"real_1352","199564","0.9999999999999999"
"real_634","201215","0.5285714285714286"
"real_4020","218985","0.5285714285714286"
"real_729","193011","0.6571428571428571"
"real_2904","205070","0.6"
"real_279","199490","0.6"
"real_3401","245551","0.6"
"real_1309","224537","0.7"
"real_3104","240309","0.7692307692307693"
"real_288","235943","0.6"
"real_2964","210031","0.9999999999999999"
"real_749","212213","0.85"
"real_485","229288","0.6428571428571428"
"real_2266","210257","0.7999999999999999"
"real_641","219451","0.5714285714285714"
"real_1213","189506","0.5928571428571427"
"real_4268","229167","0.5599999999999999"
"real_184","210617","0.85"
"real_415","223697","0.7333333333333333"
"real_3402","227290","0.7230769230769231"
"real_3236","176630","0.5714285714285714"
"real_2740","235134","0.61"
"real_761","240437","0.5625"
"real_4295","190717","0.6"
"real_2962","206493","0.6153846153846153"
"real_4234","202477","0.75"
"real_575","223061","0.5166666666666666"
"real_2208","203376","0.7"
"real_598","184926","0.6"
"real_291","238446","0.6"
"real_602","213951","0.85"
"real_2363","242578","0.6357142857142857"
"real_1450","232750","0.6"
"real_3536","198719","0.7272727272727272"
"real_3317","241085","0.75"
"real_1099","209830","0.5599999999999999"
"real_579","193408","0.573076923076923"
"real_576","208141","0.85"
"real_2966","210016","0.9999999999999999"
"real_1344","158023","0.6666666666666666"
"real_4238","182744","0.7999999999999999"
"real_803","188182","0.6"
"real_3731","181383","0.7"
"real_294","198023","0.6"
"real_1408","235544","0.5499999999999999"
"real_450","184820","0.6"
"real_1552","210010","0.7999999999999999"
"real_2457","193331","0.6785714285714285"
"real_2149","228332","0.5499999999999999"
"real_709","169638","0.7"
"real_1028","186801","0.6142857142857142"
"real_1576","169181","0.7"
"real_2350","210896","0.5"
"real_2954","233265","0.5428571428571428"
"real_2200","197061","0.7428571428571428"
"real_3975","191066","0.5499999999999999"
"real_2532","230020","0.75"
"real_449","179844","0.7999999999999999"
"real_2083","221332","0.8363636363636363"
"real_3826","235225","0.5499999999999999"
"real_318","192227","0.6769230769230768"
"real_319","172879","0.8999999999999999"
"real_1089","232750","0.6"
"real_745","217546","0.6699999999999999"
"real_892","210333","0.5333333333333333"
"real_885","140620","0.5499999999999999"
"real_2189","198784","0.8"
"real_2715","187961","0.6"
"real_4196","199407","0.6571428571428571"
"real_2696","237895","0.82"
"real_1011","200155","0.6"
"real_3331","236532","0.6571428571428571"
"real_1120","228414","0.6"
"real_1402","200425","0.7999999999999999"
"real_588","216547","0.5071428571428571"
"real_1328","108080","0.5125"
"real_4156","246353","0.7"
"real_1431","203815","0.8363636363636363"
"real_920","202501","0.6416666666666666"
"real_3472","209402","0.5568181818181818"
"real_274","215644","0.7"
"real_4290","231633","0.6"
"real_2026","204908","0.6799999999999999"
"real_2975","234667","0.9999999999999999"
"real_1454","222875","0.8999999999999999"
"real_899","223608","0.5428571428571428"
"real_1943","166072","0.6"
"real_3556","220915","0.5769230769230769"
"real_2652","138110","0.9999999999999999"
"real_3309","220708","0.7230769230769231"
"real_3852","236699","0.6249999999999999"
"real_1951","184344","0.6769230769230768"
"real_2102","212151","0.7692307692307693"
"real_998","180403","0.8999999999999999"
"real_740","229406","0.61"
"real_3929","224933","0.51"
"real_707","105846","0.7"
"real_1886","236947","0.7999999999999999"
"real_793","182184","0.62"
"real_1034","171972","0.7818181818181817"
"real_3899","182888","0.6692307692307692"
"real_2555","181560","0.6"
"real_2261","212218","0.5"
"real_3825","224376","0.7"
"real_3113","228353","0.5442307692307693"
"real_1177","208137","0.6666666666666666"
"real_2705","245790","0.5318181818181817"
"real_3656","227927","0.5615384615384615"
"real_3184","245854","0.55"
"real_2895","233738","0.82"
"real_2239","239817","0.6"
"real_2459","186395","0.6499999999999999"
"real_4181","210743","0.6"
"real_4253","203483","0.72"
"real_1127","244751","0.5499999999999999"
"real_1038","186392","0.7"
"real_212","181281","0.7"
"real_160","198352","0.6249999999999999"
"real_4300","205346","0.7499999999999999"
"real_3743","231612","0.6857142857142857"
"real_2368","221701","0.6"
"real_1118","244746","0.625"
"real_2109","211189","0.7999999999999999"
"real_712","220196","0.6333333333333333"
"real_2480","209430","0.5"
"real_835","203841","0.6"
"real_4241","205897","0.6799999999999999"
"real_3358","242041","0.5727272727272726"
"real_3325","190671","0.775"
"real_1209","244407","0.75"
"real_4052","192445","0.7272727272727272"
"real_3197","152922","0.7599999999999999"
"real_1203","235945","0.85"
"real_1123","244749","0.5833333333333333"
"real_2126","193850","0.7999999999999999"
"real_2702","229890","0.5499999999999999"
"real_1307","234889","0.5727272727272728"
"real_3422","207471","0.5285714285714286"
"real_2971","203038","0.6"
"real_4264","237595","0.6333333333333333"
"real_3528","202697","0.82"
"real_4048","198329","0.75"
"real_2412","153260","0.5"
"real_149","213134","0.5714285714285714"
"real_2977","234635","0.7"
"real_1055","213486","0.6272727272727272"
"real_384","210881","0.775"
"real_2869","165153","0.7599999999999999"
"real_1691","213938","0.75"
"real_2453","210972","0.6192307692307693"
"real_4119","230117","0.6"
"real_3814","228738","0.5499999999999999"
"real_3777","213328","0.535"
"real_2805","207791","0.6272727272727272"
"real_2105","201243","0.7272727272727272"
"real_1724","223578","0.5071428571428571"
"real_4313","231131","0.7599999999999999"
"real_615","214967","0.6"
"real_430","216201","0.5568181818181818"
"real_1163","160741","0.5599999999999999"
"real_3408","212488","0.6"
"real_1993","175895","0.8153846153846153"
"real_1273","241470","0.5153846153846153"
"real_297","192563","0.5571428571428572"
"real_1632","244230","0.7428571428571428"
"real_3878","183820","0.5"
"real_1581","241187","0.7176470588235294"
"real_2642","198950","0.6"
"real_947","204619","0.6599999999999999"
"real_1392","235899","0.64"
"real_3045","177392","0.557142857142857"
"real_542","193495","0.6799999999999999"
"real_352","235889","0.5166666666666666"
"real_1303","193222","0.7"
"real_1495","189390","0.7"
"real_4263","212678","0.6124999999999999"
"real_2682","228120","0.6"
"real_4302","176285","0.5"
"real_1547","190947","0.7333333333333333"
"real_821","204760","0.6727272727272727"
"real_163","223329","0.5166666666666666"
"real_207","178211","0.75"
"real_2872","177003","0.6666666666666666"
"real_1858","244840","0.7230769230769231"
"real_2073","224031","0.5499999999999999"
"real_1306","211899","0.5"
"real_1599","199170","0.6571428571428571"
"real_2449","206115","0.5833333333333333"
"real_429","189575","0.575"
"real_4193","240584","0.7999999999999999"
"real_2268","230666","0.7"
"real_2853","182002","0.9999999999999999"
"real_3408","189857","0.7"
"real_2952","224095","0.5333333333333333"
"real_354","244363","0.85"
"real_2037","218066","0.7272727272727272"
"real_513","164256","0.6"
"real_2230","233157","0.55"
"real_953","205609","0.5399999999999999"
"real_2380","238873","0.5"
"real_4165","236505","0.7"
"real_1237","164859","0.7999999999999999"
"real_486","168585","0.7999999999999999"
"real_4243","193061","0.6"
"real_3598","148212","0.7333333333333333"
"real_4240","193062","0.6692307692307693"
"real_2910","184990","0.5399999999999999"
"real_191","212485","0.7333333333333333"
"real_1575","232229","0.7"
"real_1340","168651","0.7"
"real_3933","205496","0.85"
"real_3770","184136","0.5249999999999999"
"real_157","208451","0.6599999999999999"
"real_2104","191783","0.7599999999999999"
"real_3855","202685","0.6249999999999999"
"real_3410","194879","0.9999999999999999"
"real_2839","224179","0.6"
"real_2677","246456","0.7857142857142857"
"real_778","226259","0.6857142857142857"
"real_1928","212153","0.775"
"real_813","236480","0.62"
"real_3097","216334","0.7272727272727272"
"real_1104","213801","0.5428571428571428"
"real_3675","210864","0.5166666666666666"
"real_3298","221791","0.7599999999999999"
"real_1809","233098","0.6"
"real_2408","200677","0.85"
"real_3553","184820","0.6"
"real_1605","210964","0.6599999999999999"
"real_118","189234","0.5166666666666666"
"real_1943","199304","0.6"
"real_618","20209","0.6"
"real_2369","227055","0.6"
"real_355","189484","0.5499999999999999"
"real_3633","243055","0.6"
"real_2405","246603","0.6"
"real_4058","202562","0.7857142857142857"
"real_2537","212886","0.7599999999999999"
"real_1228","200458","0.7"
"real_3902","209818","0.6"
"real_636","220466","0.5"
"real_2821","231588","0.9999999999999999"
"real_637","193338","0.7"
"real_4074","229221","0.9999999999999999"
"real_2852","198715","0.5142857142857142"
"real_2745","225953","0.5"
"real_3683","201024","0.5928571428571427"
"real_606","227708","0.6"
"real_4387","242266","0.6749999999999999"
"real_840","212261","0.6272727272727272"
"real_1731","155984","0.85"
"real_2686","229135","0.8615384615384615"
"real_985","199767","0.6818181818181818"
"real_4293","188988","0.6272727272727272"
"real_1720","243993","0.6"
"real_4060","204082","0.5142857142857142"
"real_936","168607","0.6"
"real_1286","240950","0.6"
"real_1517","238744","0.65"
"real_826","169706","0.7"
"real_3067","177815","0.7"
"real_711","184749","0.85"
"real_3383","184190","0.7333333333333333"
"real_3565","226356","0.64"
"real_2435","186817","0.6318181818181817"
"real_3306","245863","0.6769230769230768"
"real_894","229038","0.6"
"real_4197","238018","0.75"
"real_3387","184190","0.5727272727272728"
"real_626","189707","0.7"
"real_413","187598","0.7818181818181817"
"real_3593","233791","0.7176470588235294"
"real_1036","173546","0.7599999999999999"
"real_2469","220030","0.5272727272727272"
"real_2717","210862","0.6"
"real_3722","187924","0.6"
"real_851","238461","0.9999999999999999"
"real_2855","207566","0.9999999999999999"
"real_2978","227890","0.9999999999999999"
"real_3657","200949","0.7"
"real_1014","238227","0.6"
"real_2867","197781","0.9999999999999999"
"real_3324","211738","0.7999999999999999"
"real_1045","157665","0.6571428571428571"
"real_3450","200746","0.6363636363636364"
"real_3654","172871","0.5909090909090909"
"real_1193","201505","0.5227272727272727"
"real_2519","237600","0.7"
"real_2223","180714","0.7"
"real_648","235212","0.5"
"real_2121","225381","0.7999999999999999"
"real_2554","227234","0.5599999999999999"
"real_850","189553","0.5846153846153846"
"real_3898","228336","0.5599999999999999"
"real_1216","238062","0.8363636363636363"
"real_1971","235812","0.7692307692307693"
"real_744","225696","0.85"
"real_1289","193143","0.6"
"real_902","234790","0.5"
"real_2520","208449","0.5"
"real_2826","190176","0.9999999999999999"
"real_4054","202088","0.7"
"real_4232","235450","0.9999999999999999"
"real_1470","241720","0.54"
"real_2846","45186","0.7"
"real_566","210035","0.5299999999999999"
"real_3554","215433","0.6307692307692307"
"real_3943","213414","0.61"
"real_2715","239970","0.6"
"real_1064","244238","0.6428571428571428"
"real_1816","200810","0.6823529411764705"
"real_3249","163489","0.75"
"real_2876","230849","0.6"
"real_1039","197756","0.5249999999999999"
"real_779","200930","0.8363636363636363"
"real_3296","204886","0.7"
"real_1919","186832","0.7272727272727272"
"real_3340","183640","0.6"
"real_743","240122","0.6"
"real_4407","205618","0.6"
"real_2086","222943","0.6"
"real_209","241538","0.6"
"real_4073","203030","0.7333333333333333"
"real_404","217196","0.7230769230769231"
"real_3405","210679","0.9999999999999999"
"real_2279","204485","0.5333333333333333"
"real_2143","207998","0.5071428571428571"
"real_3420","178562","0.775"
"real_2171","212911","0.6"
"real_1314","188978","0.52"
"real_2521","166072","0.6"
"real_1733","232665","0.6499999999999999"
"real_1238","170818","0.5285714285714286"
"real_3742","233419","0.6"
"real_2091","236355","0.8999999999999999"
"real_2924","212183","0.5181818181818182"
"real_1453","206141","0.7692307692307693"
"real_1327","242850","0.6571428571428571"
"real_1938","191043","0.9999999999999999"
"real_727","207807","0.675"
"real_4294","152879","0.6428571428571428"
"real_959","223938","0.5"
"real_992","178509","0.5727272727272728"
"real_304","199503","0.5666666666666667"
"real_3174","212350","0.5178571428571428"
"real_4334","224458","0.7"
"real_467","199715","0.7"
"real_1902","190854","0.6181818181818182"
"real_2196","209499","0.9999999999999999"
"real_2206","208722","0.5499999999999999"
"real_614","192329","0.5227272727272727"
"real_3702","189003","0.5499999999999999"
"real_2396","209288","0.5227272727272727"
"real_1348","227928","0.7230769230769231"
"real_2512","225748","0.57"
"real_1992","177571","0.7"
"real_395","226078","0.6"
"real_3523","189324","0.82"
"real_2817","198451","0.7428571428571428"
"real_2565","213874","0.6"
"real_4035","189271","0.573076923076923"
"real_769","172837","0.6272727272727272"
"real_106","198617","0.5269230769230769"
"real_767","202489","0.6727272727272727"
"real_3466","243793","0.5"
"real_822","192123","0.6571428571428571"
"real_3171","177712","0.6035714285714285"
"real_3529","205569","0.7999999999999999"
"real_2010","193476","0.5"
"real_729","224294","0.5571428571428572"
"real_3270","200054","0.7"
"real_2479","223898","0.6499999999999999"
"real_722","224294","0.6571428571428571"
"real_3217","193686","0.7333333333333333"
"real_2142","212883","0.5772727272727272"
"real_3267","215703","0.9999999999999999"
"real_377","236499","0.6"
"real_3421","190887","0.5416666666666666"
"real_969","206577","0.5"
"real_1649","217391","0.9999999999999999"
"real_3101","219793","0.75"
"real_202","241575","0.775"
"real_525","183907","0.5022727272727272"
"real_2538","241210","0.7692307692307693"
"real_2712","234119","0.75"
"real_382","186130","0.7599999999999999"
"real_3736","227558","0.6857142857142857"
"real_3597","170923","0.6"
"real_2309","239875","0.7999999999999999"
"real_2668","199559","0.6"
"real_919","219848","0.7749999999999999"
"real_4084","208093","0.85"
"real_2125","239573","0.6"
"real_2205","201942","0.9999999999999999"
"real_1298","211862","0.6571428571428571"
"real_1063","234857","0.72"
"real_2347","243449","0.5333333333333333"
"real_3385","203736","0.6769230769230768"
"real_4061","234711","0.7599999999999999"
"real_1874","186503","0.8666666666666666"
"real_4072","210537","0.7272727272727272"
"real_556","184031","0.5"
"real_628","166072","0.9999999999999999"
"real_977","240740","0.7692307692307693"
"real_3741","235955","0.6599999999999999"
"real_3204","202848","0.6769230769230768"
"real_3861","223929","0.5818181818181818"
"real_1903","104389","0.72"
"real_487","188416","0.7599999999999999"
"real_1436","203741","0.7272727272727272"
"real_2637","199556","0.5568181818181818"
"real_4129","219258","0.7"
"real_500","235790","0.6249999999999999"
"real_2879","245287","0.5307692307692308"
"real_1926","232363","0.6307692307692307"
"real_4079","205566","0.7"
"real_983","206585","0.8999999999999999"
"real_1940","189342","0.7"
"real_891","241867","0.7"
"real_1889","229487","0.5384615384615384"
"real_417","231969","0.5"
"real_978","184432","0.7285714285714285"
"real_3827","233870","0.85"
"real_2609","225696","0.6"
"real_739","239482","0.7"
"real_1061","222510","0.7"
"real_3167","197688","0.7749999999999999"
"real_380","186116","0.7818181818181817"
"real_4218","237893","0.6727272727272727"
"real_4067","206511","0.6142857142857142"
"real_555","245240","0.7"
"real_3934","238621","0.5"
"real_2827","219585","0.7272727272727272"
"real_450","768","0.6"
"real_2153","208830","0.5499999999999999"
"real_351","208268","0.6499999999999999"
"real_1195","146748","0.5227272727272727"
"real_3387","178160","0.7272727272727272"
"real_3081","139727","0.7333333333333333"
"real_2387","218540","0.5"
"real_639","208459","0.6181818181818182"
"real_4299","183666","0.6"
"real_4214","242430","0.7"
"real_1173","216452","0.7999999999999999"
"real_1769","186682","0.7599999999999999"
"real_1013","176137","0.6333333333333333"
"real_2881","182521","0.7428571428571428"
"real_4130","239950","0.6"
"real_1037","200759","0.7"
"real_2828","231071","0.9999999999999999"
"real_782","243049","0.7272727272727272"
"real_3388","189946","0.7272727272727272"
"real_914","224869","0.62"
"real_3438","204120","0.5636363636363636"
"real_3192","181318","0.6"
"real_2876","212183","0.6749999999999999"
"real_2564","192397","0.6"
"real_3090","231745","0.7"
"real_2563","242238","0.5"
"real_4100","178750","0.85"
"real_1784","239917","0.6"
"real_695","144622","0.7"
"real_839","189472","0.6571428571428571"
"real_1592","213000","0.775"
"real_2101","165109","0.6249999999999999"
"real_2779","202325","0.7"
"real_737","163873","0.6"
"real_1768","204830","0.7272727272727272"
"real_3221","244020","0.5"
"real_2187","180819","0.7999999999999999"
"real_392","173735","0.775"
"real_1811","240888","0.6357142857142857"
"real_3124","18122","0.5178571428571428"
"real_1432","112365","0.7"
"real_3720","215245","0.5666666666666667"
"real_1030","191089","0.7272727272727272"
"real_1234","208339","0.6333333333333333"
"real_1356","190169","0.7857142857142857"
"real_2726","233096","0.5"
"real_1734","239433","0.5499999999999999"
"real_3807","193864","0.85"
"real_311","236496","0.7692307692307693"
"real_3444","233306","0.6363636363636364"
"real_197","184847","0.82"
"real_2263","218667","0.7"
"real_1989","240702","0.7"
"real_1318","199439","0.775"
"real_3668","199914","0.85"
"real_138","199266","0.6"
"real_1893","195033","0.6"
"real_3072","242664","0.8124999999999999"
"real_1898","222148","0.6249999999999999"
"real_3240","202401","0.5"
"real_3329","183580","0.82"
"real_1891","232099","0.64"
"real_4149","202458","0.58"
"real_2798","185122","0.5384615384615384"
"real_3684","198949","0.61"
"real_3901","194728","0.6818181818181818"
"real_669","209889","0.5428571428571428"
"real_937","211101","0.5568181818181818"
"real_314","188567","0.67"
"real_479","236399","0.7999999999999999"
"real_1885","224949","0.7230769230769231"
"real_2840","200315","0.9999999999999999"
"real_1959","211110","0.6333333333333333"
"real_3421","202642","0.6"
"real_2018","229343","0.6"
"real_2434","193870","0.85"
"real_2370","229453","0.7"
"real_2202","209331","0.54"
"real_2982","222843","0.9999999999999999"
"real_3835","208596","0.7272727272727272"
"real_2766","245866","0.575"
"real_1906","179954","0.6666666666666666"
"real_4236","222634","0.6599999999999999"
"real_2670","178310","0.75"
"real_2844","240898","0.6769230769230768"
"real_4160","181780","0.7"
"real_2848","197891","0.7999999999999999"
"real_4097","246172","0.5863636363636363"
"real_1850","225531","0.7999999999999999"
"real_2201","183711","0.6692307692307693"
"real_3871","232869","0.5"
"real_586","211990","0.6029411764705882"
"real_3479","175934","0.5083333333333333"
"real_2646","226229","0.5083333333333333"
"real_2890","243304","0.7692307692307693"
"real_3300","231949","0.7599999999999999"
"real_3295","211321","0.6181818181818182"
"real_3077","242217","0.85"
"real_2928","229788","0.7"
"real_785","241096","0.7"
"real_362","191180","0.5772727272727272"
"real_3353","222546","0.623076923076923"
"real_4051","188770","0.7599999999999999"
"real_3553","207465","0.6"
"real_3335","189945","0.7"
"real_4045","241686","0.6"
"real_1065","167601","0.65"
"real_4159","242528","0.7272727272727272"
"real_572","243686","0.6"
"real_2638","207865","0.7749999999999999"
"real_2882","238794","0.5"
"real_1053","225479","0.6882352941176471"
"real_1878","212626","0.7"
"real_1042","184037","0.6666666666666666"
"real_3563","205089","0.7"
"real_1534","239249","0.7"
"real_2499","192449","0.6785714285714285"
"real_3352","244320","0.5625"
"real_4111","237135","0.7"
"real_1233","177358","0.8124999999999999"
"real_2314","194956","0.7999999999999999"
"real_4094","199667","0.5"
"real_1427","225950","0.6666666666666666"
"real_3401","236760","0.6"
"real_129","236295","0.6307692307692307"
"real_1363","226122","0.7"
"real_2411","205686","0.52"
"real_2323","214668","0.5"
"real_134","211061","0.6"
"real_1353","189511","0.9999999999999999"
"real_289","202445","0.7"
"real_445","183512","0.6749999999999999"
"real_1299","192665","0.64"
"real_516","216466","0.7749999999999999"
"real_3301","245391","0.5"
"real_1595","204102","0.6666666666666666"
"real_2308","237419","0.6363636363636364"
"real_1908","201262","0.55"
"real_513","214967","0.6"
"real_1784","210385","0.9999999999999999"
"real_3836","149309","0.6727272727272727"
"real_302","202811","0.5411764705882353"
"real_3290","234515","0.7"
"real_196","189713","0.85"
"real_2090","198706","0.9999999999999999"
"real_2510","170597","0.61"
"real_3087","224813","0.7"
"real_1915","162297","0.7"
"real_2674","198135","0.7272727272727272"
"real_271","202493","0.6"
"real_165","201179","0.61"
"real_1944","190483","0.9999999999999999"
"real_2087","207537","0.7"
"real_3389","198836","0.64"
"real_2290","234574","0.7"
"real_3278","220245","0.64"
"real_3993","158172","0.573076923076923"
"real_1229","2147","0.788235294117647"
"real_3307","202789","0.6799999999999999"
"real_2031","207593","0.675"
"real_4138","232658","0.6727272727272727"
"real_1460","199393","0.7"
"real_1775","223654","0.6"
"real_1205","202054","0.85"
"real_2248","234128","0.6727272727272727"
"real_1729","191628","0.5928571428571427"
"real_2533","222840","0.6249999999999999"
"real_1425","235849","0.6727272727272727"
"real_2093","183498","0.7333333333333333"
"real_3942","222844","0.6"
"real_3677","201454","0.5772727272727272"
"real_854","183141","0.6"
"real_1043","212150","0.7999999999999999"
"real_3762","192537","0.5442307692307693"
"real_2807","202716","0.52"
"real_991","215914","0.5249999999999999"
"real_4330","237395","0.7857142857142857"
"real_2673","209371","0.7999999999999999"
"real_195","209447","0.6571428571428571"
"real_4091","192789","0.85"
"real_3719","199419","0.5499999999999999"
"real_2876","200724","0.5"
"real_2155","163587","0.6357142857142857"
"real_211","204476","0.9"
"real_4081","146296","0.5323529411764706"
"real_752","241976","0.6499999999999999"
"real_1189","246113","0.6409090909090909"
"real_3303","214570","0.6272727272727272"
"real_1076","187517","0.5666666666666667"
"real_1339","152729","0.58"
"real_2633","201510","0.5022727272727272"
"real_759","240282","0.509090909090909"
"real_3459","186143","0.5272727272727272"
"real_993","189505","0.9999999999999999"
"real_3243","169941","0.9999999999999999"
"real_2320","220938","0.5333333333333333"
"real_833","198331","0.7"
"real_221","221363","0.6599999999999999"
"real_2968","207733","0.7"
"real_3364","157703","0.5307692307692308"
"real_3070","241928","0.7999999999999999"
"real_497","220165","0.6249999999999999"
"real_3670","205966","0.625"
"real_393","185427","0.6333333333333333"
"real_980","210736","0.9999999999999999"
"real_609","175391","0.85"
"real_2379","219480","0.6"
"real_2075","216655","0.9999999999999999"
"real_879","205633","0.625"
"real_861","224003","0.9999999999999999"
"real_1958","180206","0.6"
"real_884","140082","0.85"
"real_1172","158438","0.7999999999999999"
"real_1863","215546","0.7"
"real_1803","211195","0.5653846153846154"
"real_3917","223671","0.5666666666666667"
"real_1089","245362","0.6"
"real_1852","221986","0.8363636363636363"
"real_4321","235860","0.6"
"real_713","220414","0.9999999999999999"
"real_4289","245226","0.6"
"real_582","207762","0.6"
"real_1342","189332","0.9999999999999999"
"real_3695","215410","0.61"
"real_2210","198654","0.5333333333333333"
"real_1029","184111","0.6571428571428571"
"real_3625","244193","0.9999999999999999"
"real_3313","216508","0.6"
"real_3452","200807","0.5272727272727272"
"real_1907","162369","0.52"
"real_2433","224538","0.85"
"real_1201","243112","0.6"
"real_2937","229942","0.575"
"real_578","221219","0.5166666666666666"
"real_2231","233290","0.5499999999999999"
"real_1509","213296","0.7818181818181817"
"real_3107","243551","0.5659090909090909"
"real_419","222501","0.7230769230769231"
"real_587","197965","0.85"
"real_1567","158800","0.7272727272727272"
"real_513","192165","0.6"
"real_2845","161754","0.7599999999999999"
"real_1912","173221","0.7230769230769231"
"real_3377","49472","0.7"
"real_2277","237692","0.5428571428571428"
"real_2622","191740","0.7"
"real_3258","224808","0.6769230769230768"
"real_1487","227476","0.65"
"real_612","233647","0.85"
"real_4037","201455","0.57"
"real_1110","243478","0.6699999999999999"
"real_3756","230850","0.535"
"real_756","216437","0.7"
"real_2894","212602","0.9999999999999999"
"real_2901","230142","0.7999999999999999"
"real_1354","186887","0.775"
"real_295","225782","0.788235294117647"
"real_1371","205593","0.5499999999999999"
"real_2849","242348","0.7"
"real_3397","192492","0.75"
"real_1162","202429","0.575"
"real_2089","176266","0.9999999999999999"
"real_1271","229243","0.5499999999999999"
"real_401","194894","0.6"
"real_1365","222410","0.65"
"real_2531","235981","0.6727272727272727"
"real_1353","239249","0.5625"
"real_2042","184183","0.6571428571428571"
"real_3569","169386","0.75"
"real_513","207734","0.6"
"real_1984","158375","0.7428571428571428"
"real_2870","208618","0.7230769230769231"
"real_3080","241947","0.64"
"real_3557","241585","0.7"
"real_128","225199","0.573076923076923"
"real_1589","210384","0.5499999999999999"
"real_1601","229148","0.7"
"real_101","222692","0.61"
"real_3537","199576","0.9999999999999999"
"real_367","243237","0.51"
"real_792","205525","0.5142857142857142"
"real_1694","139668","0.62"
"real_3227","213917","0.6230769230769231"
"real_216","219754","0.6"
"real_2271","203574","0.575"
"real_3251","178418","0.65"
"real_2896","220132","0.5499999999999999"
"real_1871","243716","0.72"
"real_836","163261","0.82"
"real_103","241091","0.5499999999999999"
"real_1838","220502","0.75"
"real_3312","206198","0.6307692307692307"
"real_3705","224444","0.6318181818181817"
"real_577","234568","0.85"
"real_3926","193133","0.6214285714285714"
"real_2041","228092","0.5666666666666667"
"real_3636","197655","0.6307692307692307"
"real_1609","193601","0.75"
"real_1973","243863","0.7"
"real_3712","183921","0.6357142857142857"
"real_1377","232362","0.6"
"real_165","230621","0.51"
"real_756","188370","0.6"
"real_3054","164878","0.72"
"real_1911","182168","0.7692307692307693"
"real_357","183900","0.61"
"real_4066","216247","0.7692307692307693"
"real_2892","190584","0.84"
"real_3859","219995","0.7"
"real_1956","198009","0.5666666666666667"
"real_2819","243756","0.64"
"real_2903","177604","0.6"
"real_858","206651","0.9999999999999999"
"real_1302","137351","0.6666666666666666"
"real_1057","192087","0.6857142857142857"
"real_1631","245016","0.6249999999999999"
"real_217","234203","0.6333333333333333"
"real_4170","227230","0.7"
"real_4070","199909","0.7333333333333333"
"real_1205","171919","0.6"
"real_2275","192366","0.523076923076923"
"real_2534","213313","0.775"
"real_3605","210468","0.7"
"real_2131","210880","0.7"
"real_4098","146562","0.75"
"real_1226","204935","0.7818181818181817"
"real_2804","204638","0.6"
"real_219","236632","0.9999999999999999"
"real_2921","220638","0.8999999999999999"
"real_4148","230774","0.5"
"real_2190","212831","0.8999999999999999"
"real_4075","223689","0.82"
"real_539","189509","0.6749999999999999"
"real_4316","169158","0.6727272727272727"
"real_3250","210935","0.5769230769230769"
"real_3226","243607","0.7333333333333333"
"real_3268","198220","0.7818181818181817"
"real_4337","162347","0.5"
"real_1930","162835","0.7428571428571428"
"real_1494","232097","0.7"
"real_831","191076","0.6"
"real_3242","229282","0.6727272727272727"
"real_3373","245283","0.65"
"real_3612","245572","0.7428571428571428"
"real_3179","192722","0.5022727272727272"
"real_1446","231098","0.6"
"real_2556","205340","0.6"
"real_2115","204447","0.6599999999999999"
"real_1593","238041","0.7272727272727272"
"real_2523","222286","0.6727272727272727"
"real_719","205540","0.5714285714285714"
"real_2107","211305","0.7692307692307693"
"real_3394","184944","0.6"
"real_1736","178424","0.5269230769230769"
"real_1830","219952","0.7363636363636363"
"real_535","188545","0.575"
"real_242","198640","0.6727272727272727"
"real_2705","192315","0.6"
"real_4311","215527","0.7818181818181817"
"real_2337","215061","0.5"
"real_1001","212204","0.6"
"real_3550","237127","0.7"
"real_4307","243733","0.7599999999999999"
"real_615","239970","0.6"
"real_198","188157","0.8285714285714285"
"real_1594","244050","0.7"
"real_1450","245362","0.6"
"real_1571","203888","0.9999999999999999"
"real_4325","225507","0.9999999999999999"
"real_758","237670","0.5499999999999999"
"real_630","243513","0.6181818181818182"
"real_397","232381","0.6"
"real_2491","239322","0.5676470588235294"
"real_2273","188377","0.575"
"real_2666","223332","0.75"
"real_2771","230857","0.7749999999999999"
"real_4235","135451","0.6181818181818182"
"real_3559","202061","0.5181818181818182"
"real_853","238305","0.9999999999999999"
"real_2801","212188","0.675"
"real_1206","236679","0.61"
"real_3905","192641","0.557142857142857"
"real_1533","233911","0.6"
"real_3553","207863","0.6"
"real_799","172937","0.5333333333333333"
"real_852","236393","0.7"
"real_1776","198230","0.5384615384615384"
"real_3891","183597","0.5"
"real_2888","240458","0.8999999999999999"
"real_790","215871","0.575"
"real_3553","188234","0.6"
"real_3061","192611","0.5769230769230769"
"real_1855","215592","0.54"
"real_1962","186153","0.5411764705882353"
"real_1960","227535","0.6428571428571428"
"real_4169","209828","0.6"
"real_2907","195093","0.78"
"real_2521","216283","0.6"
"real_1590","209782","0.85"
"real_154","216275","0.6181818181818182"
"real_3069","203886","0.7"
"real_2207","231281","0.7588235294117647"
"real_2912","223197","0.5"
"real_3120","220782","0.6249999999999999"
"real_736","188313","0.6"
"real_3837","216145","0.6"
"real_3050","229127","0.7799999999999999"
"real_2825","173178","0.9999999999999999"
"real_550","213203","0.7999999999999999"
"real_2944","195912","0.7999999999999999"
"real_169","189125","0.625"
"real_1847","200700","0.6307692307692307"
"real_3089","194171","0.5307692307692308"
"real_627","138699","0.5599999999999999"
"real_1074","232479","0.6692307692307692"
"real_2814","228805","0.6727272727272727"
"real_505","229906","0.55"
"real_3690","215466","0.57"
"real_3446","200855","0.5272727272727272"
"real_2030","229973","0.8153846153846153"
"real_2786","195365","0.7"
"real_2891","172285","0.5"
"real_848","192490","0.9999999999999999"
"real_472","219566","0.8285714285714285"
"real_2401","223570","0.5499999999999999"
"real_2629","205069","0.55"
"real_3721","214097","0.6375"
"real_845","183520","0.6727272727272727"
"real_2165","228635","0.75"
"real_2081","175254","0.7272727272727272"
"real_3524","216325","0.6571428571428571"
"real_4040","193171","0.6"
"real_862","215569","0.6599999999999999"
"real_2879","155862","0.8999999999999999"
"real_3668","232208","0.6"
"real_4239","189860","0.7818181818181817"
"real_155","240190","0.6857142857142857"
"real_4296","226456","0.6"
"real_938","212623","0.7"
"real_399","208165","0.7818181818181817"
"real_4002","227638","0.57"
"real_999","139062","0.7999999999999999"
"real_2356","203280","0.5272727272727272"
"real_628","216283","0.6"
"real_3571","189118","0.9999999999999999"
"real_1943","223517","0.6"
"real_1845","232381","0.6"
"real_2873","238863","0.5"
"real_2116","210329","0.54"
"real_2191","216267","0.6692307692307693"
"real_407","216065","0.5153846153846153"
"real_3103","246419","0.8615384615384615"
"real_2873","176676","0.9999999999999999"
"real_3245","223339","0.8285714285714285"
"real_2209","193348","0.7"
"real_3105","208790","0.7"
"real_538","186569","0.575"
"real_2856","205705","0.6727272727272727"
"real_1443","226515","0.9999999999999999"
"real_3203","201508","0.5285714285714286"
"real_1709","190782","0.8999999999999999"
"real_1622","246431","0.55"
"real_2564","189681","0.7999999999999999"
"real_911","204277","0.6"
"real_2858","234035","0.7692307692307693"
"real_2421","184606","0.573076923076923"
"real_3594","213732","0.6799999999999999"
"real_824","243282","0.6"
"real_296","193301","0.7"
"real_1839","178007","0.6"
"real_1924","219985","0.6"
"real_1647","216289","0.7999999999999999"
"real_3813","215665","0.6"
"real_125","183714","0.61"
"real_592","224213","0.5227272727272727"
"real_436","185132","0.6549999999999999"
"real_4221","225410","0.775"
"real_3845","170320","0.7599999999999999"
"real_214","226753","0.6"
"real_3930","201013","0.6357142857142857"
"real_1311","202201","0.7599999999999999"
"real_1698","234102","0.6571428571428571"
"real_2114","244446","0.6230769230769231"
"real_2461","204355","0.6499999999999999"
"real_226","208004","0.7999999999999999"
"real_241","228702","0.6428571428571428"
"real_558","199840","0.6"
"real_142","205402","0.52"
"real_1986","245795","0.7"
"real_3634","194781","0.8999999999999999"
"real_3209","211408","0.6599999999999999"
"real_1005","228942","0.6428571428571428"
"real_4220","208135","0.64"
"real_439","190149","0.535"
"real_2082","199845","0.5307692307692308"
"real_2447","197948","0.5499999999999999"
"real_4028","201939","0.5071428571428571"
"real_1072","244881","0.6692307692307692"
"real_4062","198118","0.7692307692307693"
"real_3056","240122","0.7999999999999999"
"real_3531","202849","0.7"
"real_1888","205193","0.7"
"real_810","206594","0.5"
"real_3308","199282","0.7999999999999999"
"real_3609","233791","0.5625"
"real_4291","189461","0.72"
"real_770","220829","0.775"
"real_162","210413","0.5928571428571427"
"real_1853","244691","0.7999999999999999"
"real_1346","192448","0.6"
"real_1044","186190","0.6428571428571428"
"real_4187","179884","0.7"
"real_964","216106","0.6272727272727272"
"real_403","220093","0.8666666666666666"
"real_3774","223926","0.5022727272727272"
"real_595","223297","0.85"
"real_4195","223813","0.7692307692307693"
"real_747","211014","0.6"
"real_877","173146","0.6699999999999999"
"real_2128","186611","0.7818181818181817"
"real_2197","181291","0.6"
"real_2679","234741","0.54"
"real_1345","176580","0.509090909090909"
"real_1645","229118","0.7"
"real_1976","224970","0.58"
"real_1934","54037","0.64"
"real_4257","234399","0.62"
"real_1818","243251","0.6666666666666666"
"real_2815","199700","0.6"
"real_1368","202200","0.6230769230769231"
"real_3175","243631","0.5083333333333333"
"real_3271","241629","0.6"
"real_1351","205600","0.7"
"real_814","152747","0.7333333333333333"
"real_2253","213874","0.5307692307692308"
"real_4158","169978","0.75"
"real_1320","212187","0.5499999999999999"
"real_3890","196932","0.575"
"real_2296","53739","0.5"
"real_2880","192119","0.6230769230769231"
"real_1905","242431","0.7"
"real_1349","194404","0.7"
"real_3908","246069","0.557142857142857"
"real_2648","220475","0.5727272727272728"
"real_1516","230065","0.775"
"real_1217","205525","0.9999999999999999"
"real_719","234252","0.5"
"real_645","152999","0.7"
"real_1498","197083","0.7692307692307693"
"real_3406","206222","0.7"
"real_1941","20801","0.9999999999999999"
"real_801","219411","0.6363636363636364"
"real_4274","183568","0.58"
"real_2416","240943","0.6653846153846154"
"real_3063","232655","0.5307692307692308"
"real_2976","222598","0.7"
"real_306","237329","0.75"
"real_1817","244263","0.52"
"real_398","169115","0.75"
"real_3255","149185","0.7176470588235294"
"real_3173","159147","0.55"
"real_3904","211856","0.6818181818181818"
"real_1485","198031","0.7599999999999999"
"real_1208","244625","0.85"
"real_1562","213613","0.7999999999999999"
"real_3213","205934","0.6666666666666666"
"real_4071","235141","0.6727272727272727"
"real_1112","210434","0.5833333333333333"
"real_1413","245694","0.54"
"real_1412","245694","0.54"
"real_2556","180334","0.7999999999999999"
"real_364","200752","0.85"
"real_3984","244068","0.5499999999999999"
"real_1056","235029","0.6333333333333333"
"real_1617","238095","0.72"
"real_2216","212054","0.5"
"real_2875","221639","0.7"
"real_1795","208894","0.6318181818181817"
"real_1950","193082","0.72"
"real_1948","138956","0.7692307692307693"
"real_3909","193698","0.6272727272727272"
"real_1314","234832","0.52"
"real_2393","190416","0.5772727272727272"
"real_1480","227536","0.7"
"real_716","207493","0.5"
"real_3255","213814","0.5666666666666667"
"real_827","202695","0.7999999999999999"
"real_3254","213814","0.6428571428571428"
"real_516","238359","0.5"
"real_421","106231","0.5083333333333333"
"real_732","234226","0.85"
"real_763","226260","0.7272727272727272"
"real_167","186200","0.5833333333333333"
"real_1350","231443","0.52"
"real_643","233556","0.7"
"real_916","235410","0.5"
"real_632","210320","0.6181818181818182"
"real_3421","244389","0.6"
"real_1071","193525","0.5599999999999999"
"real_2543","243573","0.523076923076923"
"real_2257","236639","0.9999999999999999"
"real_668","200454","0.5"
"real_309","223959","0.6818181818181818"
"real_2738","193440","0.6863636363636363"
"real_2378","237708","0.5166666666666666"
"real_608","215703","0.6"
"real_1626","201878","0.6"
"real_3533","191648","0.7999999999999999"
"real_2792","210665","0.7999999999999999"
"real_4027","234153","0.85"
"real_2866","173731","0.6249999999999999"
"real_1282","192310","0.6"
"real_854","190432","0.9999999999999999"
"real_1423","190870","0.7"
"real_3277","234624","0.7272727272727272"
"real_2251","230767","0.6"
"real_2526","241130","0.65"
"real_1602","246430","0.7818181818181817"
"real_2979","245783","0.5727272727272728"
"real_560","177137","0.7999999999999999"
"real_3858","242420","0.5769230769230769"
"real_187","188621","0.7599999999999999"
"real_513","187961","0.6"
"real_996","213666","0.8153846153846153"
"real_2100","47201","0.6666666666666666"
"real_204","219813","0.8363636363636363"
"real_3434","212692","0.7"
"real_2284","208450","0.7"
"real_1415","244695","0.7"
"real_3451","220197","0.5428571428571428"
"real_4012","201083","0.5153846153846153"
"real_975","213661","0.675"
"real_3509","181795","0.5153846153846153"
"real_2310","184944","0.6"
"real_2402","225139","0.5166666666666666"
"real_394","163264","0.5285714285714286"
"real_1511","208620","0.9999999999999999"
"real_2925","208621","0.6599999999999999"
"real_1174","170448","0.6909090909090909"
"real_2889","241049","0.7692307692307693"
"real_2979","239334","0.6"
"real_1470","200888","0.9999999999999999"
"real_658","173771","0.55"
"real_2498","201368","0.5833333333333333"
"real_3630","224334","0.509090909090909"
"real_651","232107","0.6615384615384615"
"real_1614","211354","0.7599999999999999"
"real_373","191005","0.7153846153846153"
"real_2397","209519","0.5772727272727272"
"real_1505","200318","0.64"
"real_4147","235297","0.6571428571428571"
"real_1201","221445","0.7"
"real_800","188836","0.5333333333333333"
"real_3357","101317","0.6428571428571428"
"real_2905","233486","0.6818181818181818"
"real_158","224251","0.7599999999999999"
"real_3421","184134","0.7"
"real_218","190815","0.6"
"real_1899","238271","0.5"
"real_1804","231864","0.5499999999999999"
"real_123","211826","0.5772727272727272"
"real_3360","214948","0.58"
"real_3715","198348","0.5227272727272727"
"real_4183","184807","0.7"
"real_1442","231105","0.6571428571428571"
"real_1745","219780","0.6"
"real_3488","232000","0.6"
"real_2280","198631","0.6"
"real_3319","220085","0.8615384615384615"
"real_1017","191627","0.6"
"real_4044","176600","0.61"
"real_3259","106795","0.55"
"real_3907","244311","0.6"
"real_1349","207899","0.6"
"real_2204","190456","0.6"
"real_2789","222331","0.8285714285714285"
"real_4031","206225","0.5499999999999999"
"real_4132","222461","0.6"
"real_1774","234835","0.6"
"real_1939","170890","0.7272727272727272"
"real_2539","221130","0.8363636363636363"
"real_3193","219852","0.7999999999999999"
"real_1102","244343","0.5428571428571428"
"real_127","200316","0.5499999999999999"
"real_412","211515","0.6571428571428571"
"real_3682","185020","0.573076923076923"
"real_177","186547","0.6499999999999999"
"real_136","189043","0.7692307692307693"
"real_3462","155524","0.523076923076923"
"real_458","226161","0.7"
"real_905","231600","0.6"
"real_1314","229640","0.52"
"real_300","222509","0.6"
"real_1719","217940","0.61"
"real_282","224415","0.6"
"real_2873","205340","0.6"
"real_1221","221479","0.675"
"real_1488","199069","0.7428571428571428"
"real_4140","244235","0.6249999999999999"
"real_3201","159261","0.84"
"real_4406","142258","0.6333333333333333"
"real_751","183518","0.6"
"real_1125","198817","0.6357142857142857"
"real_2611","186823","0.6"
"real_2085","215330","0.6727272727272727"
"real_1814","227705","0.82"
"real_1403","234740","0.5333333333333333"
"real_4036","201305","0.85"
"real_1872","204515","0.6"
"real_650","238476","0.5272727272727272"
"real_747","216531","0.85"
"real_140","242818","0.775"
"real_3181","228321","0.6"
"real_1559","228644","0.72"
"real_3350","238692","0.6599999999999999"
"real_1964","201043","0.7692307692307693"
"real_3432","199561","0.9999999999999999"
"real_2456","189165","0.61"
"real_1041","183285","0.54"
"real_3401","192678","0.6249999999999999"
"real_3849","224656","0.7599999999999999"
"real_3738","204077","0.6428571428571428"
"real_3704","230727","0.61"
"real_1952","181783","0.5599999999999999"
"real_1945","208333","0.64"
"real_1343","241184","0.6"
"real_843","225341","0.7818181818181817"
"real_3730","219789","0.5181818181818182"
"real_2194","195086","0.7333333333333333"
"real_3274","222982","0.6249999999999999"
"real_876","205553","0.7"
"real_3495","243566","0.575"
"real_2310","229255","0.7999999999999999"
"real_2930","229624","0.6"
"real_1565","169808","0.85"
"real_1640","227599","0.7230769230769231"
"real_2212","202630","0.6"
"real_2158","186139","0.5499999999999999"
"real_2486","225629","0.5428571428571428"
"real_1168","236403","0.5428571428571428"
"real_1514","201956","0.5714285714285714"
"real_834","199633","0.6727272727272727"
"real_1557","198147","0.8909090909090909"
"real_4267","221354","0.623076923076923"
"real_3547","215689","0.7272727272727272"
"real_4209","210488","0.7818181818181817"
"real_1314","172470","0.52"
"real_884","192397","0.6"
"real_1409","192358","0.6249999999999999"
"real_1828","137361","0.6571428571428571"
"real_615","207734","0.6"
"real_3315","211907","0.7272727272727272"
"real_4064","192984","0.72"
"real_1965","200059","0.7363636363636363"
"real_3399","146701","0.7333333333333333"
"real_4254","183332","0.7499999999999999"
"real_3436","192679","0.75"
"real_2161","136113","0.6785714285714285"
"real_4401","237108","0.6272727272727272"
"real_227","243249","0.7"
"real_3406","175379","0.5181818181818182"
"real_2960","193683","0.5857142857142857"
"real_874","199254","0.5833333333333333"
"real_3407","175379","0.7333333333333333"
"real_1023","209780","0.7153846153846153"
"real_4396","201847","0.6333333333333333"
"real_2715","164256","0.6"
"real_1979","210831","0.7153846153846153"
"real_1869","208462","0.5384615384615384"
"real_2521","223517","0.9999999999999999"
"real_3620","202642","0.6"
"real_3895","235526","0.6"
"real_1062","225614","0.5818181818181818"
"real_4328","223686","0.85"
"real_1215","211575","0.7666666666666666"
"real_2832","110680","0.9999999999999999"
"real_3815","229500","0.5499999999999999"
"real_1546","246078","0.5249999999999999"
"real_468","238004","0.5333333333333333"
"real_2641","190871","0.6749999999999999"
"real_2927","243576","0.6"
"real_1897","212977","0.6666666666666666"
"real_4056","227920","0.7272727272727272"
"real_4088","241856","0.75"
"real_4283","212491","0.6272727272727272"
"real_1555","232643","0.775"
"real_1169","197439","0.5818181818181818"
"real_615","192165","0.6"
"real_4297","142784","0.6818181818181818"
"real_1066","237973","0.5399999999999999"
"real_506","215353","0.5083333333333333"
"real_1475","193165","0.7333333333333333"
"real_1227","163631","0.65"
"real_768","235379","0.58"
"real_3382","242641","0.6"
"real_721","189446","0.7692307692307693"
"real_1429","211099","0.85"
"real_3398","219391","0.7428571428571428"
"real_4288","201995","0.8999999999999999"
"real_2181","207732","0.5499999999999999"
"real_2182","188103","0.61"
"real_2665","173130","0.7999999999999999"
"real_1410","246133","0.5769230769230769"
"real_1275","231390","0.6"
"real_3304","203128","0.7857142857142857"
"real_734","186935","0.75"
"real_2529","235454","0.6249999999999999"
"real_1040","206304","0.7857142857142857"
"real_638","228946","0.7230769230769231"
"real_2780","208448","0.82"
"real_4164","205598","0.5666666666666667"
"real_3486","224211","0.5178571428571428"
"real_567","194022","0.7409090909090909"
"real_2969","240131","0.8999999999999999"
"real_2967","204401","0.6"
"real_777","223010","0.7"
"real_2984","244377","0.7692307692307693"
"real_3330","231366","0.7230769230769231"
"real_3496","234148","0.5568181818181818"
"real_1211","202648","0.85"
"real_3981","229891","0.5772727272727272"
"real_3602","229773","0.7230769230769231"
"real_762","203668","0.7599999999999999"
"real_743","208104","0.85"
"real_2830","158144","0.9999999999999999"
"real_1970","241168","0.7"
"real_1794","244724","0.7115384615384616"
"real_908","201893","0.7999999999999999"
"real_3294","184084","0.65"
"real_3366","226789","0.7272727272727272"
"real_1223","184484","0.6249999999999999"
"real_4090","142959","0.5499999999999999"
"real_2152","220697","0.5318181818181817"
"real_1395","240681","0.7666666666666666"
"real_4055","188005","0.7"
"real_1508","107084","0.6727272727272727"
"real_1068","242079","0.5625"
"real_2245","183518","0.5666666666666667"
"real_2834","201143","0.7"
"real_3880","211327","0.6153846153846153"
"real_1401","242686","0.64"
"real_3809","198513","0.573076923076923"
"real_1468","234577","0.5"
"real_2911","225699","0.7999999999999999"
"real_2385","241266","0.6"
"real_386","202541","0.7"
"real_2007","157960","0.6"
"real_2034","241162","0.75"
"real_3110","209673","0.5442307692307693"
"real_1387","240680","0.7999999999999999"
"real_913","226215","0.7"
"real_4207","205045","0.5499999999999999"
"real_1916","198946","0.75"
"real_941","235171","0.6"
"real_1471","234575","0.5"
"real_301","179944","0.6"
"real_1472","234575","0.9999999999999999"
"real_1471","234577","0.9999999999999999"
"real_1472","234577","0.5"
"real_2972","240122","0.5599999999999999"
"real_3435","199577","0.6727272727272727"
"real_316","228295","0.85"
"real_1585","199852","0.5764705882352941"
"real_2283","229880","0.5"
"real_830","150724","0.7599999999999999"
"real_409","208461","0.5666666666666667"
"real_1113","187988","0.6029411764705882"
"real_2127","172786","0.7999999999999999"
"real_1361","225720","0.6571428571428571"
"real_1300","246246","0.65"
"real_2793","204923","0.65"
"real_1008","239015","0.5499999999999999"
"real_3924","219536","0.573076923076923"
"real_367","228251","0.61"
"real_1355","244177","0.75"
"real_116","194053","0.61"
"real_4310","204504","0.6181818181818182"
"real_1901","152996","0.72"
"real_1556","236571","0.5"
"real_1033","221269","0.7999999999999999"
"real_3539","169705","0.82"
"real_3839","173306","0.6769230769230768"
"real_3811","245487","0.85"
"real_624","185174","0.6249999999999999"
"real_1217","232805","0.5142857142857142"
"real_3440","163050","0.5"
"real_3833","199051","0.7"
"real_4108","241720","0.5909090909090909"
"real_2918","199575","0.8999999999999999"
"real_2864","239053","0.6"
"real_2117","232580","0.6"
"real_2032","231207","0.775"
"real_1717","223952","0.85"
"real_3337","225368","0.5399999999999999"
"real_2328","229683","0.7999999999999999"
"real_2482","241905","0.575"
"real_1231","207599","0.54"
"real_2431","178264","0.75"
"real_2139","229984","0.6166666666666667"
"real_4287","228229","0.65"
"real_1334","181872","0.5666666666666667"
"real_3170","172198","0.5083333333333333"
"real_104","193098","0.5071428571428571"
"real_3266","222077","0.7692307692307693"
"real_3640","216466","0.5"
"real_2199","225100","0.7"
"real_4117","211107","0.6"
"real_2748","236649","0.5499999999999999"
"real_3240","208114","0.9999999999999999"
"real_1932","198176","0.5666666666666667"
"real_1677","212260","0.6"
"real_435","190223","0.5903846153846154"
"real_3920","193091","0.6699999999999999"
"real_2548","220182","0.5599999999999999"
"real_513","239970","0.7749999999999999"
"real_2553","216643","0.6285714285714286"
"real_1635","186503","0.525"
"real_3378","212449","0.7"
"real_1117","210722","0.573076923076923"
"real_3424","146536","0.7599999999999999"
"real_750","213516","0.85"
"real_2873","180334","0.6"
"real_718","213991","0.6"
"real_3691","183497","0.573076923076923"
"real_1728","192816","0.5499999999999999"
"real_4029","189513","0.625"
"real_2265","168542","0.7999999999999999"
"real_784","193839","0.6"
"real_1006","214339","0.5"
"real_4222","172953","0.7818181818181817"
"real_3248","208535","0.6"
"real_635","189908","0.6692307692307693"
"real_4191","193482","0.7"
"real_499","189606","0.5083333333333333"
"real_3545","186961","0.7230769230769231"
"real_617","223575","0.85"
"real_1239","220523","0.6571428571428571"
"real_2391","226295","0.5318181818181817"
"real_3673","175943","0.61"
"real_4123","215559","0.6"
"real_2160","210243","0.75"
"real_568","208230","0.5499999999999999"
"real_2795","240243","0.9999999999999999"
"real_3394","229255","0.6"
"real_2078","211361","0.7272727272727272"
"real_4169","237340","0.6"
"real_3937","215651","0.85"
"real_2883","208330","0.6599999999999999"
"real_653","233049","0.5333333333333333"
"real_1428","229236","0.58"
"real_1515","200473","0.7692307692307693"
"real_1630","222129","0.5285714285714286"
"real_1767","202646","0.6"
"real_3291","224428","0.6"
"real_2785","237678","0.5846153846153846"
"real_1205","219480","0.6"
"real_3196","199763","0.5210526315789473"
"real_3619","229882","0.7"
"real_2645","164240","0.7749999999999999"
"real_922","235997","0.595"
"real_3370","219792","0.7374999999999999"
"real_792","232805","0.7999999999999999"
"real_2047","243023","0.6769230769230768"
"real_2691","221521","0.775"
"real_3047","239814","0.7285714285714285"
"real_4281","194794","0.5857142857142857"
"real_3840","205407","0.7"
"real_2451","203487","0.6192307692307693"
"real_1549","225653","0.6249999999999999"
"real_1656","223566","0.7272727272727272"
"real_3608","204699","0.7428571428571428"
"real_786","206159","0.7"
"real_2972","230625","0.9999999999999999"
"real_2651","173155","0.6142857142857142"
"real_2474","202002","0.5333333333333333"
"real_484","229150","0.5842105263157895"
"real_2558","207707","0.7999999999999999"
"real_817","189280","0.75"
"real_2970","239018","0.9999999999999999"
"real_2581","240081","0.5"
"real_1942","211320","0.6"
"real_3401","240997","0.6"
"real_955","239441","0.6"
"real_3368","220833","0.7"
"real_4074","202395","0.6"
"real_766","137410","0.775"
"real_4074","180250","0.6"
"real_3617","212198","0.9999999999999999"
"real_936","201400","0.7"
"real_279","173608","0.6"
"real_1461","192205","0.6428571428571428"
"real_797","192838","0.52"
"real_2852","190286","0.6272727272727272"
"real_1770","213577","0.7"
"real_629","201335","0.7428571428571428"
"real_3404","178250","0.7"
"real_1003","208364","0.8999999999999999"
"real_3299","176994","0.7599999999999999"
"real_489","229155","0.7272727272727272"
"real_2820","245598","0.5"
"real_3418","189156","0.9999999999999999"
"real_1464","238511","0.6"
"real_741","229391","0.6699999999999999"
"real_133","231111","0.5636363636363636"
"real_4245","189725","0.88"
"real_1386","237647","0.6727272727272727"
"real_1587","220673","0.5666666666666667"
"real_1692","173208","0.7"
"real_2806","206003","0.7428571428571428"
"real_2417","239920","0.75"
"real_2112","244360","0.75"
"real_2097","211385","0.7999999999999999"
"real_2920","186684","0.8999999999999999"
"real_1471","244960","0.5"
"real_387","231743","0.5666666666666667"
"real_1876","237629","0.7428571428571428"
"real_3222","245261","0.8999999999999999"
"real_1468","244960","0.9999999999999999"
"real_3614","213160","0.6333333333333333"
"real_597","228967","0.85"
"real_3231","245257","0.7333333333333333"
"real_3040","234573","0.6"
"real_481","239956","0.6"
"real_469","236593","0.7"
"real_1835","190745","0.7999999999999999"
"real_704","190885","0.7428571428571428"
"real_3185","190034","0.5539473684210526"
"real_483","236572","0.7999999999999999"
"real_1015","243580","0.6749999999999999"
"real_4277","186330","0.5882352941176471"
"real_1672","201315","0.6599999999999999"
"real_4364","210822","0.6"
"real_728","135883","0.7599999999999999"
"real_2131","244360","0.54"
"real_2838","169426","0.6"
"real_1884","236661","0.6"
"real_2130","244361","0.55"
"real_1047","189690","0.6727272727272727"
"real_3561","192071","0.5153846153846153"
"real_2715","214967","0.6"
"real_4136","199386","0.7599999999999999"
"real_3363","212879","0.6749999999999999"
"real_2383","181820","0.5"
"real_4137","204233","0.6"
"real_1856","244183","0.7999999999999999"
"real_1337","220440","0.7"
"real_2358","184826","0.6"
"real_3606","193897","0.72"
"real_2891","226221","0.8999999999999999"
"real_859","211022","0.6307692307692307"
"real_1723","193844","0.5299999999999999"
"real_2267","211108","0.6"
"real_381","206517","0.82"
"real_1778","234781","0.5263157894736842"
"real_1238","230005","0.8285714285714285"
"real_2900","225193","0.7333333333333333"
"real_4354","183774","0.5"
"real_3538","213648","0.5263157894736842"
"real_986","192638","0.9999999999999999"
"real_2501","240060","0.5785714285714285"
"real_3983","158394","0.7"
"real_4242","233763","0.75"
"real_1230","225024","0.7599999999999999"
"real_716","230882","0.7999999999999999"
"real_3442","184274","0.5333333333333333"
"real_3817","243590","0.5499999999999999"
"real_1967","235565","0.7"
"real_4148","223981","0.7999999999999999"
"real_3356","223755","0.6"
"real_3219","245263","0.7230769230769231"
"real_2503","200857","0.5772727272727272"
"real_1781","209937","0.9999999999999999"
"real_628","223517","0.6"
"real_1080","223293","0.7"
"real_870","193267","0.6318181818181817"
"real_1943","216283","0.6"
"real_554","210365","0.7999999999999999"
"real_4248","206516","0.775"
"real_1913","161956","0.9999999999999999"
"real_2157","183130","0.7"
"real_4199","244725","0.7"
"real_1321","211999","0.7999999999999999"
"real_2379","171919","0.6"
"real_771","242269","0.9999999999999999"
"real_2932","229517","0.8999999999999999"
"real_3842","190264","0.7666666666666666"
"real_2536","215223","0.5285714285714286"
"real_2644","206652","0.6"
"real_961","235582","0.5499999999999999"
"real_3846","230672","0.8999999999999999"
"real_2185","214639","0.5772727272727272"
"real_1059","148119","0.62"
"real_2556","176676","0.6"
"real_4093","241464","0.6"
"real_1574","198006","0.8363636363636363"
"real_2850","198141","0.775"
"real_4388","202040","0.6"
"real_1469","210897","0.6727272727272727"
"real_3078","232526","0.7599999999999999"
"real_2295","178088","0.7"
"real_2556","238863","0.5"
"real_374","216433","0.6333333333333333"
"real_1831","243172","0.54"
"real_1507","205362","0.6769230769230768"
"real_3834","225201","0.9999999999999999"
"real_1563","197981","0.6818181818181818"
"real_925","192629","0.6749999999999999"
"real_3449","189177","0.5428571428571428"
"real_3238","200683","0.7333333333333333"
"real_2687","205603","0.82"
"real_4282","183855","0.6272727272727272"
"real_783","242270","0.6727272727272727"
"real_3447","212300","0.6"
"real_3661","205186","0.5"
"real_143","236461","0.6"
"real_1580","233500","0.85"
"real_952","183283","0.6272727272727272"
"real_147","229071","0.7599999999999999"
"real_1620","235875","0.7"
"real_1851","204092","0.7818181818181817"
"real_3198","228413","0.775"
"real_2280","231866","0.7"
"real_1188","202316","0.523076923076923"
"real_4273","193311","0.6428571428571428"
"real_1864","229210","0.6181818181818182"
"real_1689","232488","0.65"
"real_4077","212245","0.7230769230769231"
"real_1638","243395","0.6333333333333333"
"real_4034","241461","0.6499999999999999"
"real_1111","52126","0.5499999999999999"
"real_2232","246253","0.5599999999999999"
"real_3823","239999","0.75"
"real_3464","194150","0.5"
"real_3484","211323","0.5083333333333333"
"real_2432","240135","0.85"
"real_795","173533","0.5333333333333333"
"real_4369","222737","0.6"
"real_4131","218936","0.7"
"real_1391","246179","0.6"
"real_2701","205594","0.85"
"real_1481","210411","0.5499999999999999"
"real_3419","219693","0.7"
"real_4047","230578","0.573076923076923"
"real_1840","213404","0.8153846153846153"
"real_317","207993","0.6142857142857142"
"real_1560","204370","0.7692307692307693"
"real_1875","189272","0.5571428571428572"
"real_501","202857","0.575"
"real_450","188234","0.6"
"real_2242","183916","0.6249999999999999"
"real_450","207863","0.6"
"real_615","187961","0.6"
"real_2366","115533","0.6318181818181817"
"real_576","232580","0.6"
"real_2787","225375","0.7"
"real_2847","195668","0.9999999999999999"
"real_2492","239097","0.5499999999999999"
"real_3046","204352","0.7499999999999999"
"real_2663","191011","0.5571428571428572"
